id;address;method;description
1;Chicken;program Frozen Tasty;connecting Wall
2;Awesome Fish;impactful;ivory COM
3;Azerbaijan TCP;programming;Borders Consultant directional
4;Micronesia Surinam hub;Garden Tuvalu;Monitored Robust
5;Steel;Applications Persistent;Bridge Steel
6;Loan;purple bluetooth Engineer;Pound recontextualize
7;monitoring Usability;port withdrawal reinvent;synthesize eyeballs Multi-layered
8;engineer Dollar;contextually-based Account eff;functionalities attitude-oriented XSS
9;networks Sausages;program Salvador Practical;Manat
10;tan Baby;paradigms;Specialist
